Champion,P Dmg/Base,P Scale,P CD,Q Dmg,Q Scale,Q CD,W Dmg,W Scale,W CD,E Dmg,E Scale,E CD,R Dmg,R Scale,R CD
Aatrox,,,,70 / 115 / 160 / 205 / 250,(+60% bonus AD),16 / 15 / 14 / 13 / 12,60 / 95 / 130 / 165 / 200,(+100% bonus AD),On 3rd AA,75 / 110 / 145 / 180 / 215,(+60% AP) (+60% bonus AD),12 / 11 / 10 / 9 / 8,200 / 300 / 400,(+100% AP),100 / 85 / 70
Ahri,,,,80 / 130 / 180 / 230 / 280,(+70% AP),7,64 / 104 / 144 / 184 / 224,(+64% AP),9 / 8 / 7 / 6 / 5,60 / 95 / 130 / 165 / 200,(+50% AP),12,210 / 330 / 450,(+90% AP),110 / 95 / 80
Akali,,(+6% (+1% per 6 AP) AD),On AA,80 / 125 / 170 / 215 / 260,(+90% AP),6 / 5.5 / 5 / 4.5 / 4,,,20,30 / 55 / 80 / 105 / 130,(+40% AP) (+60% AD),5 / 4 / 3 / 2 / 1,100 / 175 / 250,(+50% AP),30 / 22.5 / 15
Alistar,7 / 8 / 9 / 10 / 11 / 12 / 13 / 14 / 15 / 16 / 17 / 18 / 19 / 20 / 21 / 22 / 23 / 24,(+10% AP),On spell cast,60 / 105 / 150 / 195 / 240,(+50% AP),17 / 16 / 15 / 14 / 13,55 / 110 / 165 / 220 / 275,(+70% AP),14 / 13 / 12 / 11 / 10,,,12,60 / 75 / 90 more AD,,120 / 100 / 80
Amumu,(15 / 20 / 25) MR shred,,On AA,80 / 130 / 180 / 230 / 280,(+70% AP),16 / 14 / 12 / 10 / 8,8 / 12 / 16 / 20 / 24 per second,(+1 / 1.5 / 2 / 2.5 / 3% (+1% per 100 AP) of enemies' max HP) per second,1,75 / 100 / 125 / 150 / 175,(+50% AP),10 / 9 / 8 / 7 / 6,150 / 250 / 350,(+80% AP),150 / 130 / 110
Anivia,,,,120 / 180 / 240 / 300 / 360,(+100% AP),12 / 11 / 10 / 9 / 8,,,25,110 / 170 / 230 / 290 / 350,(+100% AP),5,80 / 120 / 160 per second,(+25% AP) per second,6
Annie,,,,80 / 115 / 150 / 185 / 220,(+80% AP),4,70 / 115 / 160 / 205 / 250,(+85% AP),8,20 / 30 / 40 / 50 / 60 on enemy AA,(+20% AP) on enemy AA,10,175 / 300 / 425 and 20 / 30 / 40 per second,(+80% AP) and (+20% AP) per second,120 / 100 / 80
Ashe,,(110 + (%Critical Strike Chance × (1 + Bonus Critical Strike Damage)))%AD,On AA with passive applied,,(+23 / 24 / 25 / 26 / 27% AD) On AA for 4 seconds,18,40 / 50 / 60 / 70 / 80,(+100% AD),12 / 10 / 8 / 6 / 4,,,90 / 80 / 70 / 60 / 50 per charge (2),250 / 425 / 600,(+100% AP),100 / 90 / 80
Azir,,,,65 / 85 / 105 / 125 / 145,(+50% AP),10 / 9 / 8 / 7 / 6,50 / 55 / 60 / 65 / 70 / 75 / 80 / 85 /90 / 95 / 100 / 110 / 120 / 130 / 140 / 150 / 160 / 170,(+60% AP),AA,60 / 90 / 120 / 150 / 180,(+40% AP),19 / 18 / 17 / 16 / 15,150 / 225 / 300,(+60% AP),140 / 120 / 100
Bard,30 / 55 / 80 / 110 / 140 / 175 / 210 / 245 / 280 / 315 /345 / 375 / 400 / 425 / 445 / 465 on 1st (1 / 2 / 3 / 4) AA,(+30% AP) on 1st (1 / 2 / 3 / 4) AA,12 / 11 / 10 / 9 / 8,80 / 125 / 170 / 215 / 260,(+65% AP),11 / 10 / 9 / 8 / 7,,,12,,,20 / 19 / 18 / 17 / 16,,,130 / 115 / 90
Blitzcrank,,,,80 / 135 / 190 / 245 / 300,(+100% AP),20 / 19 / 18 / 17 / 16,,,15,,(+100% AD),9 / 8 / 7 / 6 / 5,250 / 375 / 500,(+100% AP),30
Brand,,(+2% of the target's max HP) per second (4),On spell hit,80 / 120 / 160 / 200 / 240,(+65% AP),8 / 7.5 / 7 / 6.5 / 6,93.75 / 150 / 206.25 / 262.50 / 318.75,(+75% AP),10,70 / 105 / 140 / 175 / 210,(+55% AP),12 / 11 / 10 / 9 / 8,450 / 750 / 1050,(+150% AP),105 / 90 / 75
Braum,40 / 48 /56 / 64 / 72 / 80 / 88 / 96 / 104 / 112 / 120 / 128 / 136 / 144 / 152 / 160 / 168 / 176 on 4th AA on target,,8 / 7 / 6,70 / 115 / 160 / 205 / 250,(+2.5% of max HP),10 / 9 / 8 / 7 / 6,,,14 / 13 / 12 / 11 / 10,,,18 / 16 / 14 / 12 / 10,150 / 250 / 350,(+60% AP),140 / 120 / 100
Caitlyn,,(+50% AD) on 1st AA,7 / 6 / 5 stacks,20 / 60 / 100 / 140 / 180,(+130% AD),10 / 9 / 8 / 7 / 6,80 / 130 / 180 / 230 / 280,(+60% AP),20 / 17 / 14 / 11 / 8,80 / 130 / 180 / 230 / 280,(+80% AP),18 / 16 / 14 / 12 / 10,250 / 475 / 700,(+200% bonus AD),90 / 75 / 60
Cassiopeia,,(+5 / 10 / 30% AP) more AP,,105 / 161 / 217 / 273 / 329,(+63% AP),4,126 / 189 / 252 / 315 / 378,(+126% AP),14 / 13 / 12 / 11 / 10,55 / 80 / 105 / 130 / 155,(+55% AP),0.5,150 / 250 / 350,(+50% AP),120 / 110 / 100
Cho'Gath,,,,80 / 135 / 190 / 245 / 305,(+100% AP),9,75 / 125 / 175 / 225 / 275,(+70% AP),13,20 / 35 / 50 / 65 / 80,(+30% AP),On AA,300 / 475 / 650,(+70% AP),80
Corki,,(+10% AD),On AA,80 / 130 / 180 / 230 / 280,(+50% bonus AD) (+50% AP),8,60 / 90 / 120 / 150 / 180 per second,(+40% AP) per second,26 / 23 / 20 / 17 / 14,20 / 32 / 44 / 56 / 68 per second (4),(+40% bonus AD) per second (4),16,100 / 180 / 260,(+30% AP) (+20 / 30 / 40% AD),2
Darius,12 / 15 / 18 / 21 / 24 / 27 /30 / 33 / 36 per stack (5),(+30% bonus AD) per stack (5),On spell or AA,105 / 157.5 / 210 / 262.5 / 315,(+105% bonus AD),9 / 8 / 7 / 6 / 5,,(+20 / 40 / 60 / 80 / 100% AD) On 1st AA,8,,,24 / 21 / 18 / 15 / 12,160 / 250 / 340 (+20% per stack) (5),(+75% bonus AD) (+20% per stack) (5),120 / 100 / 80
Diana,20 / 25 / 30 / 35 / 40 / 50 / 60 / 70 / 80 / 90 / 105 /120 / 135 / 155 / 175 / 200 / 225 / 250,(+80% AP),On 3rd AA,60 / 95 / 130 / 165 / 200,(+70% AP),10 / 9 / 8 / 7 / 6,102 / 138 / 174 / 210,(+60% AP),10,,,26 / 24 / 22 / 20 / 18,100 / 160 / 220,(+60% AP),25 / 20 / 15
Dr. Mundo,,,,80 / 130 / 180 / 230 / 280 minimum,15 / 18 / 21 / 23 / 25% of target's current HP,4,35 / 50 / 65 / 80 / 95 per second,(+20% AP) per second,4,0 / 55 / 70 / 85 / 100 more AD,0.4 / 0.55 / 0.7 / 0.85 / 1 per 1% of missing HP more AD,7,,,75
Draven,,,,,(+45 / 55 / 65 / 75 / 85% AD) on AA until lost,12 / 11 / 10 / 9 / 8,,,12,70 / 105 / 140 / 175 / 210,(+50% bonus AD),18 / 17 / 16 / 15 / 14,350 / 550 / 750,(+220% bonus AD),110 / 100 / 90
Ekko,20 / 30 / 40 / 50 / 60 / 70 / 80 / 90 / 100 / 110 / 120 / 130 / 140 / 150 / 160 / 170 / 180 / 190,(+ 70% AP),On 3rd spell or AA per 3 seconds,60 / 75 / 90 / 105 / 120 and 60 / 85 / 110 / 135 / 160 on return,(+ 10% AP) and (+ 60% AP) on return,11 / 10 / 9 / 8 / 7,,5% (+ 1% per 45 AP) of target's missing HP,On AA when target is below 30% health,50 / 80 / 110 / 140 / 170 on 1st AA,(+ 20% AP) on 1st AA,15 / 13 / 11 / 9 / 7,200 / 350 / 500,(+ 130% AP),110 / 90 / 70
Elise (Human),,,,40 / 75 / 110 / 145 / 180,(+8% (+3% per 100 AP) of target's current HP),6,75 / 125 / 175 / 225 / 275,(+80% AP),12,,,14 / 13 / 12 / 11 / 10,,,4
Elise (Spider),,,,60 / 100 / 140 / 180 / 220,(+8% (+3% per 100 AP) of target's missing HP),6,,,12,,,26 / 23 / 20 / 17 / 14,10 / 20 / 30 / 40 on AA,(+30% AP) on AA,
Evelynn,,,,40 / 55 / 70 / 85 / 100,(+35 / 40 / 45 / 50 / 55 % AP) (+50 / 55 / 60 / 65 / 70 % bonus AD),1.5,,,15,70 / 110 / 150 / 190 / 230,(+100% AP) (+100% bonus AD),9,,15 / 20 / 25%(+1% per 100 AP) of enemies' current HP,150 / 120 / 90
Ezreal,,,,35 / 55 / 75 / 95 / 115,(+110% AD) (+40% AP),6 / 5.5 / 5 / 4.5 / 4,70 / 115 / 160 / 205 / 250,(+80% AP),9,75 / 125 / 175 / 225 / 275,(+75% AP),19 / 17 / 15 / 13 / 11,350 / 500 / 650,(+100% Bonus AD)(+90% AP),80
Fiddlesticks,,,,,,,60 / 90 / 120 / 150 / 180 per second (5),(+45% AP) per second (5),10 / 9 / 8 / 7 / 6,65 / 85 / 105 / 125 / 145 per bounce (4),(+45% AP) per bounce (4),15 / 14 / 13 / 12 / 11,125 / 225 / 325 per second (5),(+45% AP) per second (5),150 / 140 / 130
Fiora,,,,80 / 130 / 180 / 230 / 280,(+120% bonus AD),16 / 14 / 12 / 10 / 8,60 / 110 / 160 / 210 / 260 and 15 / 20 / 25 / 30 / 35 more AD ,(+100% AP),10 / 9 / 8 / 7 / 6,,,15 / 14 / 13 / 12 / 11,325 / 663 / 1001,(+234% bonus AD),130 / 120 / 110
Fizz,,,,10 / 25 / 40 / 55 / 70,(+30% AP) (+100% AD),10 / 9 / 8 / 7 / 6,20 / 30 / 40 / 50 / 60 and 10 / 20 / 30 / 40 / 50 on AA,(+45% AP) (+4 / 5 / 6 / 7 / 8% of target's missing HP) and (+25% AP) on AA,10,70 / 120 / 170 / 220 / 270,(+75% AP),16 / 14 / 12 / 10 / 8,200 / 325 / 450,(+100% AP),100 / 85 / 70
Galio,,(+50% MR) more AP,,80 / 135 / 190 / 245 / 300,(+60% AP),7,,,13,60 / 105 / 150 / 195 / 240,(+50% AP),13 / 12 / 11 / 10 / 9,360 / 540 / 720,(+100% AP),150 / 135 / 120
Gangplank,4 / 5 / 6 / 7 / 8 / 9 / 10 / 11 / 12 / 13 / 14 / 15 / 16 / 17 / 18 / 19 / 20 / 21 per second (3) per stack (3),,On AA,20 / 45 / 70 / 95 / 120,(+100% AD),5,,,22 / 21 / 20 / 19 / 18,12 / 19 / 26 / 33 / 40 more AD,,20,75 / 120 / 165 per second (7),(+20% AP) per second (7),125 / 110 / 95
Garen,,,,30 / 55 / 80 / 105 / 130 on 1st AA,(+40% AD) on 1st AA,8,,,24 / 23 / 22 / 21 / 20,20 / 45 / 70 / 95 / 120 per second (3),(+70 / 80 / 90 / 100 / 110% AD) per second (3),13 / 12 / 11 / 10 / 9,175 / 350 / 525,(+28.57 / 33.33 / 40% of target's missing HP),120 / 100 / 80
Gnar (Mini),,,,5 / 35 / 65 / 95 / 125,(+115% AD),20 / 17.5 / 15 / 12.5 / 10,10 / 20 / 30 / 40 / 50,(+100% AP) (+6 / 8 / 10 / 12 / 14% of target's max HP),On 3rd AA,20 / 60 / 100 / 140 / 180,(+6% max HP),18 / 16.5 / 15 / 13.5 / 12,,,
Gnar (Mega),(+2.5) more AD Growth,,,5 / 45 / 85 / 125 / 165,(+120% AD),,25 / 45 / 65 / 85 / 105,(+100% AD),15 / 13 / 11 / 9 / 7,20 / 60 / 100 / 140 / 180,(+6% max HP),,300 / 450 / 600,(+30% bonus AD) (+75% AP),120 / 100 / 80
Gragas,,,,120 / 180 / 240 / 300 / 360,(+90% AP),11 / 10 / 9 / 8 / 7,20 / 50 / 80 / 110 / 140 on 1st AA,(+30% AP)(+8 / 9 / 10 / 11 / 12% of target's max HP) on 1st AA,8 / 7 / 6 / 5 / 4,80 / 130 / 180 / 230 / 280,(+60% AP),12,200 / 300 / 400,(+70% AP),100 / 90 / 80
Graves,,,,60 / 95 / 130 / 165 / 200 and 24 / 38 / 52 / 66 / 80 per additional bullet (2),(+80% bonus AD) and (+32% bonus AD) per additional bullet (2) ,12 / 11 / 10 / 9 / 8,60 / 110 / 160 / 210 / 260,(+60% AP),20 / 19 / 18 / 17 / 16,,,22 / 20 / 18 / 16 / 14,250 / 400 / 550 and 200 / 320 / 440 in AoE behind target,(+150% bonus AD) and (+120% bonus AD) in AoE behind target,100 / 90 / 80
Hecarim,,(+15 / 17.5 / 20 / 22.5 / 25 /27.5 / 30% bonus MS) more AD,,60 / 95 / 130 / 165 / 200,(+60% bonus AD),4,20 / 30 / 40 / 50 / 60 per second,(+20% AP) per second,22 / 21 / 20 / 19 / 18,80 / 150 / 220 / 290 / 360 on 1st AA,(+100% bonus AD) on 1st AA,24 / 22 / 20 / 18 / 16,150 / 250 / 350,(+100% AP),140 / 120 / 100
Heimerdinger,,,,18 / 23 / 29 / 34 per AA 40 / 60 / 80 / 105 / 130 per laser,(+15% AP) per AA  (+55% AP) per laser,24 / 23 / 22 / 21 / 20,108 / 162 / 216 / 270 / 324,(+81% AP),11,60 / 100 / 140 / 180 / 220,(+60% AP),18 / 16 / 14 / 12 / 10,,,100 / 80 / 60
Heimerdinger (With Ult),,,,70 / 90 / 110 per AA 180 / 240 / 300 per laser,(+30% AP) per AA  (+70% AP) per laser,,648 / 864 / 1180,(+216% AP),,150 / 200 / 250 per bounce,(+60% AP),,,,
Irelia,,,,20 / 50 / 80 / 110 / 140,(+100% AD),14 / 12 / 10 / 8 / 6,15 / 30 / 45 / 60 / 75 on AA,,15,80 / 120 / 160 / 200 / 240,(+50% AP),8,80 / 120 / 160,(+50% AP) (+60% bonus AD),70 / 60 / 50
Janna,,,,105 / 145 / 185 / 225 / 265,(+65% AP),14 / 13 / 12 / 11 / 10,60 / 115 / 170 / 225 / 280,(+50% AP),12,14 / 23 / 32 / 41 / 50 more AD,(+10% AP) more AD,10,,,150 / 135 / 120
Jarvan IV,,(+10% of their current HP) on 1st AA,10 / 8 / 6,70 / 115 / 160 / 205 / 250,(+120% bonus AD),10 / 9 / 8 / 7 / 6,,,20 / 18 / 16 / 14 / 12,60 / 105 / 150 / 195 / 240,(+80% AP),13 / 12.5 / 12 / 11.5 / 11,200 / 325 / 450,(+150% bonus AD),120 / 105 / 90
Jax,,,,70 / 110 / 150 / 190 / 230,(+60% AP) (+100% bonus AD),10 / 9 / 8 / 7 / 6,40 / 75 / 110 / 145 / 180,(+60% AP),7 / 6 / 5 / 4 / 3,100 / 150 / 200 / 250 / 300,(+100% bonus AD),16 / 14 / 12 / 10 / 8,100 / 160 / 220,(+70% AP),On 3rd AA
Jayce (Hammer),,,,20 / 65 / 110 / 155 / 200,(+100% bonus AD),16 / 14 / 12 / 10 / 8,25 / 42.5 / 60 / 77.5 / 95 per second,(+25% AP) per second,10,,(+8 / 11 / 14 / 17 / 20% of target's max HP) (+100% bonus AD),14 / 13 / 12 / 11 / 10,,(10 / 15 / 20 / 25%) AR & MR shred on 1st AA,6
Jayce (Cannon),,,,84 / 161 / 238 / 315 / 392,(+168% bonus AD),8,,(70 / 80 / 90 / 100 / 110% AD) on AA,13 / 11 / 9 / 7 / 5,,,16,20 / 60 / 100 / 140 on 1st AA,(+40% AP) on 1st AA,
Jinx,,,,,(+10% AD) on AA,0.9,10 / 60 / 110 / 160 / 210,(+140% AD),10 / 9 / 8 / 7 / 6,80 / 135 / 190 / 245 / 300,(+100% AP),24 / 22 / 20 / 18 / 16,250 / 350 / 450,(+100% bonus AD) (+25 / 30 / 35% of enemies' missing HP),90 / 75 / 60
Kalista,,,,10 / 70 / 130 / 190 / 250,(+100% AD),8,,(+12 / 14 / 16 / 18 / 20% of target's max HP) per target per 6 seconds,6,20 / 30 / 40 / 50 / 60 and 10 / 14 / 19 / 25 / 32 per spear,(+60% AD) and (+20 / 22.5 / 25 / 27.5 / 30% AD) per spear,14 / 12.5 / 11 / 9.5 / 8,,,90 / 75 / 60
Karma,,,,80 / 125 / 170 / 215 / 260,(+60% AP),7 / 6.5 / 6 / 5.5 / 5,60 / 110 / 160 / 210 / 260,(+90% AP),16 / 15 / 14 / 13 / 12,,,10 / 9.5 / 9 / 8.5 / 8,,,45 / 42 / 39 / 36
Karma (Mantra),,,,75 / 225 / 375 / 525,(+90% AP),,60 / 110 / 160 / 210 / 260,(+90% AP),,,,,,,
Karthus,,,,80 / 120 / 160 / 200 / 240,(+60% AP),1,,,18,30 / 50 / 70 / 90 / 110 per second,(+20% AP) per second,,250 / 400 / 550,(+60% AP),200 / 180 / 160
Kassadin,,,,70 / 95 / 120 / 145 / 170,(+70% AP),9,20 on AA and 40 / 65 / 90 / 115 / 140 on 1st AA,(+10% AP) on AA and (+60% AP) on 1st AA,9,80 / 105 / 130 / 155 / 180,(+70% AP),6,80 / 100 / 120 and 40 / 50 / 60 per stack,(+2% of max mana) and (+1% max mana) per stack,6 / 4 / 2
Katarina,,,,75 / 115 / 155 / 195 / 235,(+60% AP),10 / 9.5 / 9 / 8.5 / 8,40 / 75 / 110 / 145 / 180,(+25% AP) (+60% bonus AD),4,60 / 85 / 110 / 135 / 160,(+40% AP),12 / 10.5 / 9 / 7.5 / 6,140 / 220 / 300 per second (2.5),(+100% AP) (+150% bonus AD) per second (2.5),90 / 60 / 45
Kayle,,(3% per stack (5)) AR & MR shred,On AA and spell hit,60 / 110 / 160 / 210 / 260,(+60% AP) (+100% Bonus AD),8,,,15,20 / 30 / 40 / 50 / 60 on AA and 20 / 30 / 40 / 50 / 60 in AoE on AA,(+25% AP) on AA and (25% AP) (20 / 25 / 30 / 35 / 40% AD) in AoE on AA,16,,,100 / 90 / 80
Kennen,,,,75 / 115 / 155 / 195 / 235,(+75% AP),8 / 7 / 6 / 5 / 4,65 / 95 / 125 / 155 / 185,(+55% AP) and (+40 / 50 / 60 / 70 / 80% AD) on 3rd AA,14 / 12 / 10 / 8 / 6,85 / 125 / 165 / 205 / 245,(+60% AP),10 / 9 / 8 / 7 / 6,240 / 435 / 630,(+120% AP),120
Kha'Zix,15 / 20 / 25 / 35 / 45 /55 / 65 / 75 / 85 / 95 / 110 / 125 / 140 / 150 / 160 / 170 / 180 / 190,(+50% AP),On 1st AA after being sighted,91 / 123.5 / 156 / 188.5 / 221,(+156% bonus AD),3.5,80 / 110 / 140 / 170 / 200,(+100% bonus AD),10,65 / 100 / 135 / 170 / 205,(+20% bonus AD),20 / 18 / 16 / 14 / 12,,,100 / 90 / 80
Kha'Zix (Evolved),,,,,(+260% bonus AD) (+10 × Kha'Zix's level),,,,,,,,,,
Kog'Maw,125 / 150 / 175 / 200 / 225 / 250 /275 / 300 / 325 / 350 / 375 / 400 / 425 / 450 / 475 / 500 / 525 / 550,,On death,80 / 130 / 180 / 230 / 280,(+50% AP) and (12 / 16 / 20 / 24 / 28%) AR & MR shred,8,,(+2 / 3 / 4 / 5 / 6%) (+1% per 100 AP) of target's max HP on AA,17,60 / 110 / 160 / 210 / 260,(+70% AP),12,160 / 240 / 320,(+30% AP) (+50% Bonus AD),2 / 1.5 / 1
LeBlanc,,,,55 / 80 / 105 / 130 / 155 and 55 / 80 / 105 / 130 / 155 on 1st spell hit,(+40% AP) and (+40% AP) on 1st spell hit,6,85 / 125 / 165 / 205 / 245,(+60% AP),18 / 16 / 14 / 12 / 10,80 / 130 / 180 / 230 / 280,(+100% AP),14 / 12.5 / 11 / 9.5 / 8,200 / 400 / 600 for Q & E and 150 / 300 / 450 for W,(+120% AP) for Q & E and (+90% AP) for W,40 / 32 / 24
Lee Sin,,,,50 / 80 / 110 / 140 / 170 and 50 / 80 / 110 / 140 / 170,(+180% bonus AD) and (+8% target's missing HP),11 / 10 / 9 / 8 / 7,,,14,60 / 95 / 130 / 165 / 200,(+100% bonus AD),10,200 / 400 / 600,(+200% bonus AD),90 / 75 / 60
Leona,20 / 35 / 50 / 65 / 80 / 95 / 110 / 125 / 140,,On allied 1st damage per her dmg,40 / 70 / 100 / 130 / 160 on 1st AA,(+30% AP) on 1st AA,11 / 10 / 9 / 8 / 7,60 / 110 / 160 / 210 / 260,(+40% AP),14,60 / 100 / 140 / 180 / 220,(+40% AP),13 / 12 / 11 / 10 / 9,150 / 250 / 350,(+80% AP),90 / 75 / 60
Lissandra,,,,70 / 100 / 130 / 160 / 190,(+65% AP),6 / 5.25 / 4.5 / 3.75 / 3,70 / 110 / 150 / 190 / 230,(+40% AP),14 / 13 / 12 / 11 / 10,70 / 115 / 160 / 205 / 250,(+60% AP),24 / 21 / 18 / 15 / 12,150 / 250 / 350,(+70% AP),130 / 105 / 80
Lucian,,(+30 / 40 / 50% AD),On 1st AA after spellcast,80 / 110 / 140 / 170 / 200,(+60 / 75 / 90 / 105 / 120% bonus AD),9 / 8 / 7 / 6 / 5,60 / 100 / 140 / 180 / 220,(+90% AP),14 / 13 / 12 / 11 / 10,,,18 / 17 / 16 / 15 / 14,40 / 50 / 60 per shot (7.5 +(7.5 / 9 / 10.5 × AS),(+25% bonus AD) (+10% AP) per shot (7.5 +(7.5 / 9 / 10.5 × AS)),110 / 100 / 90
Lulu,9 / 21 / 33 / 45 / 57 / 69 /81 / 93 / 105,(+15% AP),On AA,80 / 125 / 170 / 215 / 260,(+50% AP),7,,,18 / 16.5 / 15 / 13.5 / 12,80 / 110 / 140 / 170 / 200,(+40% AP),10,,,110 / 95 / 80
Lux,18 / 26 / 34 / 42 / 50 / 58 / 66 / 74 / 82 / 90 / 98 / 106 / 114 / 122 / 130 /138 / 146 / 154,(+20% AP),On 1st AA or R after spell hit,60 / 110 / 160 / 210 / 260,(+70% AP),15 / 14 / 13 / 12 / 11,,,14 / 13 / 12 / 11 / 10,60 / 105 / 150 / 195 / 240,(+60% AP),10,300 / 400 / 500,(+75% AP),80 / 65 / 50
Malphite,,,,70 / 120 / 170 / 220 / 270,(+60% AP),8,15 / 30 / 45 / 60 / 75,(+10% AP) and (+10% AR) on AA in AOE,14,60 / 100 / 140 / 180 / 220,(+30% armor) (+20% AP),7,200 / 300 / 400,(+100% AP),130 / 115 / 100
Malzahar,20 +(5 × Malzahar's level) AD on Voidling,(+100% bonus AD) more AD on Voidling,On 4th spellcast,80 / 135 / 190 / 245 / 300,(+80% AP),9,,(+4 / 5 / 6 / 7 / 8% (+1% per 100 AP) of enemies' max HP) per second (5),14,80 / 140 / 200 / 260 / 320,(+80% AP),15 / 13 / 11 / 9 / 7,100 / 160 / 220 per second (2.5),(+52% AP) per second (2.5),120 / 100 / 80
Maokai,,,,70 / 115 / 160 / 205 / 250,(+40% AP),6,,(+9 / 10 / 11 / 12 / 13% (+3% per 100 AP) of target's max HP),13 / 12 / 11 / 10 / 9,120 / 180 / 240 / 300 / 360,(+100% AP),12,100 / 150 / 200 (+2 per damage absorbed up to 100 / 150 / 200),(+50% AP),40 / 30 / 20
Master Yi,,(+50% AD),On 4th AA,25 / 60 / 95 / 130 / 165,(+100% AD),18 / 17 / 16 / 15 / 14,,,35,10 / 15 / 20 / 25 / 30 on AA,(+10 / 12.5 / 15 / 17.5 / 20% AD) on AA and (+10% AD) more AD,18 / 17 / 16 / 15 / 14,,,75
Miss Fortune,,,,20 / 35 / 50 / 65 / 80,(+85% AD) (+35% AP),7 / 6 / 5 / 4 / 3,,(+6% AD) per stack (5 +Bullet Time's rank),On AA,30 / 48.3 / 66.6 / 85 / 103.3 per second (3),(+26.6% AP) per second (3),14 / 13 / 12 / 11 / 10,200 / 300 / 500 per second (2),(+20% AP) (+(6% AD) per stack (5 +R rank)) per 0.25 seconds (2),120 / 110 / 100
Mordekaiser,,,,132 / 181.5 / 231 / 280.5 / 330,(+66% AP) (+165% bonus AD),8 / 7 / 6 / 5 / 4,20 / 32 / 44 / 56 / 68 per second (6),(+15% AP) per second (6),20 / 18 / 16 / 14 / 12,70 / 115 / 160 / 205 / 250,(+60% AP),6,,(+12 / 14.5 / 17% (+2% per 100 AP) of target's max HP) and (+1.2 / 1.45 / 1.7% (+0.2% per 100 AP) of target's max HP) per second (10),120 / 105 / 90
Morgana,,,,80 / 135 / 190 / 245 / 300,(+90% AP),11,8 / 16 / 24 / 32 / 40 (+0.5% per 1% enemies missing HP) per second (5),(+11% AP) (+0.5% per 1% enemies missing HP) per second (5),10,,,23 / 21 / 19 / 17 / 15,300 / 450 / 600,(+140% AP),120 / 110 / 100
Nami,,,,75 / 130 / 185 / 240 / 295,(+50% AP),14 / 13 / 12 / 11 / 10,70 / 110 / 150 / 190 / 230,(+50% AP),10,25 / 40 / 55 / 70 / 85 on 1st 3 AA,(+20% AP) on 1st 3 AA,11,150 / 250 / 350,(+60% AP),120 / 110 / 100
Nasus,,,,30 / 50 / 70 / 90 / 110,(+100% AD) (+Q stacks),8 / 7 / 6 / 5 / 4,,,15 / 14 / 13 / 12 / 11,55 / 95 / 135 / 175 / 215 and 11 / 19 / 27 / 35 / 43 per second (5) and 20 / 25 / 30 / 35 / 40 AR shred,(+60% AP) and (+12% AP) per second (5),12,,(+3 / 4 / 5% (+1% per 100 AP) of enemies' max HP) per second (15) and (+6.375% R damage) more AD,120
Nautilus,8 / 14 / 20 / 26 / 32 / 38 / 44 / 50 / 56 / 62 / 68 / 74 / 80 / 86 /92 / 98 / 104 / 110 on AA,,9 / 8 / 7 / 6 per target,60 / 105 / 150 / 195 / 240,(+75% AP),18 / 16 / 14 / 12 / 10,30 / 40 / 50 / 60 / 70,(+40% AP),18,120 / 200 / 280 / 360 / 440,(+60% AP),7 / 6.5 / 6 / 5.5 / 5,200 / 325 / 450,(+80% AP),140 / 110 / 80
Nidalee (Human),,,,150 / 225 / 300 / 375 / 450,(+120% AP),6,40 / 80 / 120 / 160 / 200,(+20% AP),13 / 12 / 11 / 10 / 9,,,12,,,3
Nidalee (Cougar),,,,4 / 20 / 50 / 90 (+1.5% per 1% enemies missing HP),(+75% AD) (+36% AP) (+1.5% per 1% enemies missing HP),5,50 / 100 / 150 / 200,(+30% AP),5,70 / 130 / 190 / 250,(+45% AP),5,,,
Nocturne,,(120% AD) on 1st AA,10,60 / 105 / 150 / 195 / 240 and 15 / 25 / 35 / 45 / 55 more AD,(+75% bonus AD),10,,,20 / 18 / 16 / 14 / 12,80 / 120 / 160 / 200 / 260,(+100% AP),15 / 14 / 13 / 12 / 11,150 / 250 / 350,(+120% bonus AD),150 / 125 / 100
Nunu,,,,,(+1% of his max HP) on AA,13 / 12 / 11 / 10 / 9,,,15,85 / 130 / 175 / 225 / 275,(+100% AP),6,625 / 875 / 1125,(+250% AP),110 / 100 / 90
Olaf,,(+1% per 1% of his missing HP) more AS,,70 / 115 / 160 / 205 / 250,(+100% bonus AD),7,,,16,70 / 115 / 160 / 205 / 250,(+40% AD),12 / 11 / 10 / 9 / 8,40 / 60 / 80 more AD,,100 / 90 / 80
Orianna,10 / 18 / 26 / 34 / 42 / 50 (+20% per stack),(+15% AP) (+20% per stack),On AA,60 / 90 / 120 / 150 / 180,(+50% AP),6 / 5.25 / 4.5 / 3.75 / 3,70 / 115 / 160 / 205 / 250,(+70% AP),9,60 / 90 / 120 / 150 / 180,(+30% AP),9,150 / 225 / 300,(+70% AP),120 / 105 / 90
Pantheon,,,,65 / 105 / 145 / 185 / 225,(+140% bonus AD),4,50 / 75 / 100 / 125 / 150,(+100% AP),13 / 12 / 11 / 10 / 9,26 / 46 / 66 / 86 / 106 per 0.25 seconds (0.75),(+120% bonus AD) per 0.25 seconds (0.75),10 / 9 / 8 / 7 / 6,400 / 700 / 1000,(+100% AP),150 / 135 / 120
Poppy,,,,20 / 40 / 60 / 80 / 100 on 1st AA,(100% AD) (+60% AP) (+8% of target's max HP) on 1st AA,8 / 7 / 6 / 5 / 4,(+1.5 / 2 / 2.5 / 3 / 3.5) more AD and AR per stack (10),,12,125 / 200 / 275 / 350 / 425,(+80% AP),12 / 11 / 10 / 9 / 8,,(+20 / 30 / 40% damage to target) for 6 / 7 / 8 seconds,140 / 120 / 100
Quinn,25 / 35 / 45 / 55 / 65 / 75 / 85 / 95 / 105 / 115 / 125 / 135 /145 / 155 / 170 / 185 / 200 / 215,(+50% bonus AD),On 1st AA per 10 seconds or after E hit,70 / 110 / 150 / 190 / 230,(+65% bonus AD) (+50% AP),11 / 10 / 9 / 8 / 7,,,50 / 45 / 40 / 35 / 30,40 / 70 / 100 / 130 / 160,(+20% bonus AD),12 / 11 / 10 / 9 / 8,100 / 150 / 200 (+1% per 1% target's missing HP),(+50% bonus AD) (+1% per 1% target's missing HP),140 / 110 / 80
Rammus,,(+25% AR) more AD,,100 / 150 / 200 / 250 / 300,(+100% AP),16 / 14.5 / 13 / 11.5 / 10,15 / 25 / 35 / 45 / 55 per AA recieved,(+10% armor) per AA recieved,14,,,12,65 / 130 / 195 per second (8),(+30% AP) per second (8),60
Rek'Sai (Unburrowed),,,,15 / 25 / 35 / 45 / 55 on 1st 3 AA,(+20% Bonus AD)  on 1st 3 AA,4,,,4,,80 / 90 / 100 / 110 / 120% AD (+1% per 1% current fury),12,,,150 / 110 / 70
Rek'Sai (Burrowed),,,,60 / 90 / 120 / 150 / 180,(+70% AP),11 / 10 / 9 / 8 / 7,40 / 80 / 120 / 160 / 200,(+40% Bonus AD),10 / 9.5 / 9 / 8.5 / 8,,,20 / 19.5 / 19 / 18.5 / 18,,,
Renekton,,,,60 / 90 / 120 / 150 / 180,(+80% bonus AD),8,10 / 30 / 50 / 70 / 90,(+150% AD),13 / 12 / 11 / 10 / 9,60 / 120 / 180 / 240 / 300,(+180% bonus AD),18 / 17 / 16 / 15 / 14,30 / 60 / 120 per second (15),(+10% AP) per second (15),120
Renekton (Empowered),,,,90 / 135 / 180 / 225 / 270,(+120% bonus AD),,15 / 45 / 75 / 105 / 135,(+225% AD),,75 / 150 / 225 / 300 / 375,(+225% bonus AD),,,,
Rengar,,,,30 / 60 / 90 / 120 / 150,(+0 / 5 / 10 / 15 / 20% AD),6 / 5.5 / 5 / 4.5 / 4,50 / 80 / 110 / 140 / 170,(+80% AP),12,50 / 100 / 150 / 200 / 250,(+70% bonus AD),10,,,150 / 110 / 70
Rengar (Empowered),,,,30 / 45 / 60 /75 / 90 / 105 / 120 / 135 / 150 / 160 / 170 / 180 / 190 / 200 / 210 / 220 / 230 / 240,(+50% AD) and (+10% AD) more AD,0,40 / 55 / 70 / 85 / 100 / 115 / 130 / 145 /160 / 170 / 180 / 190 / 200 / 210 / 220 / 230 / 240 / 250,(+80% AP),0,50 / 75 / 100 / 125 / 150 / 175 / 200 /225 / 250 / 260 / 270 / 280 / 290 / 300 / 310 / 320 / 330 / 340,(+70% bonus AD),0,,,
Riven,,(+20 / 25 / 30 / 35 / 40 / 45 / 50 % AD),On 1st AA per spellcast,30 / 90 / 150 / 210 / 270,(+120 / 135 / 150 / 165 / 180% AD),13,50 / 80 / 110 / 140 / 170,(+100% bonus AD),11 / 10 / 9 / 8 / 7,,,10 / 9 / 8 / 7 / 6,80 / 120 / 160 (+2.67% per 1% enemies missing HP),(+60% bonus AD) (+2.67% per 1% enemies missing HP) and (+20% AD) more AD,110 / 80 / 50
Rumble,25 / 30 / 35 / 40 / 45 / 50 / 55 / 60 / 65 / 70 / 75 / 80 / 85 / 90 / 95 / 100 / 105 /110,(+25% AP),On AA for 6 seconds after overheating,25 / 45 / 65 / 85 / 105 per second (3),(+33% AP) per second (3),6,,,6,90 / 140 / 190 / 240 / 290,(+80% AP),10,130 / 185 / 240 per second (5),(+30% AP) per second (5),105 / 90 / 75
Rumble (Danger Zone),,,,37.5 / 67.5 / 97.5 / 127.5 / 157.5 per second (3),(+50% AP) per second (3),,,,,135 / 210 / 285 / 360 / 435,(+120% AP),,,,
Ryze,25 / 30 / 35 / 40 / 45 / 50 / 55 / 60 / 65 / 70 / 75 / 80 / 85 / 90 / 95 / 100 / 105 / 110 shield for 6 seconds,(+ 8% of his max. mana) shield for 6 seconds,Per 5 spellcasts within 12 sec of eachother,60 / 95 / 130 / 165 / 200,(+ 55% AP) (+ 2 / 2.5 / 3 / 3.5 / 4% maximum mana),4,80 / 100 / 120 / 140 / 160,(+40% AP) (+2.5% of max. mana),14,50 / 66 / 82 / 98 / 114 and 25 / 33 / 41 / 49 / 57 per nearby enemy (6),(+30% AP) (+2% of max. mana) and (+15% AP) (+1% max. mana) per nearby enemy (6),7,,(50% damage) in 200 range AoE on spells for 6 seconds,80 / 60 / 40
Sejuani,,,,80 / 125 / 170 / 215 / 260,(+40% AP),15 / 14 / 13 / 12 / 11,10 / 17.5 / 25 / 32.5 / 40 per second,(+4 / 4.5 / 5 / 5.5 / 6% (+3% per 100 AP)of target's max HP) and (+1 / 1.5 / 2 / 2.5 / 3% max HP) (+15% AP) per second (4) ,11 / 10 / 9 / 8 / 7,60 / 90 / 120 / 150 / 180,(+50% AP),10 / 9 / 8 / 7 / 6,150 / 250 / 350,(+80% AP),130 / 115 / 100
Shaco,,(+20% dmg),On dealing dmg from behind,,(140 / 160 / 180 / 200 / 220%) on 1st AA,11,35 / 50 / 65 / 80 / 95 per attack,(+20% AP) per box attack,16,50 / 90 / 130 / 170 / 210,(+100% AP) (+100% bonus AD),8,300 / 450 / 600,(+100% AP),100 / 90 / 80
Shen,8 / 12 / 16 / 20 / 24 / 28 / 32 / 36 / 40 / 44 /48 / 52 / 56 / 60 / 64 / 68 / 72 / 76,(+10% of bonus HP),On 1st AA per 9 seconds,60 / 100 / 140 / 180 / 220,(+60% AP),6 / 5.5 / 5 / 4.5 / 4,,,9 / 8 / 7 / 6 / 5,50 / 85 / 120 / 155 / 190,(+50% AP),16 / 14 / 12 / 10 / 8,,,180 / 160 / 120
Shyvana,,,,,(180 / 185 / 190 / 195 / 200% AD) on 1st AA,9 / 8 / 7 / 6 / 5,20 / 35 / 50 / 65 / 80 per second (3),(+20% bonus AD) per second (3),12,60 / 100 / 140 / 180 / 220,(+60% AP) and (+2.5% of their max HP) on AA,12 / 11 / 10 / 9 / 8,175 / 300 / 425,(+70% AP),0
Singed,,,,66 / 102 / 138 / 174 / 210 and 22 / 34 / 46 / 58 / 70 per additional second,(+90% AP) and (+30% AP) per additional second,0,,,14,50 / 65 / 80 / 95 / 110,(+75% AP) (+6 / 6.5 / 7 / 7.5 / 8% of target's max HP),10,"35 / 50 / 80 more AP, AR, MR, MS, HP/5 and MA/5 for 25 seconds",,100
Sion,,(10% of his target's max HP) on dead AA,On death,60 / 120 / 180 / 240 / 300,(+195% AD),10 / 9 / 8 / 7 / 6,40 / 65 / 90 / 115 / 140,(+40% AP) (+10 / 11 / 12 / 13 / 14% of target's max HP),13,91 / 136.5 / 182 / 227.5 / 273,(+52% AP),12 / 11 / 10 / 9 / 8,300 / 600 / 900,(+80% bonus AD),140 / 100 / 60
Sivir,,,,25 / 45 / 65 / 85 / 105 up to 2x (-15% per enemy hit down to 40%),(+70 / 80 / 90 / 100 / 110% AD) (+50% AP) up to 2x (-15% per enemy hit down to 40%),9,,(50 / 55 / 60 / 65 / 70% AD) on 1st 3 AA,9 / 8 / 7 / 6 / 5,,,22 / 19 / 16 / 13 / 10,,,120 / 100 / 80
Skarner,20 / 25 / 30 / 35 / 40 / 45 / 50 / 55 / 60 / 65 / 70 / 75 / 80 / 85 / 90 / 95 / 100 / 105 on 1st AA,(100% AD) on 1st AA,On AA with 3 stacks per 6 seconds,20 / 30 / 40 / 50 / 60 and 20 / 30 / 40 / 50 / 60 per stack,(+40% bonus AD) and (+20% AP) per stack,3.5,,,13 / 12.5 / 12 / 11.5 / 11,40 / 75 / 110 / 145 / 180,(+40% AP),12 / 11.5 / 11 / 10.5 / 10,200 / 300 / 400 and 50 / 75 / 100 per stack,(+100% AP),110 / 100 / 90
Sona,13 / 20 / 27 / 35 / 43 / 52 / 62 / 72 / 82 /92 / 102 / 112 / 122 / 132 / 147 / 162 / 177 / 192 (+40% if Q last used),(+20% AP) (+40% if Q last used),On AA per 3 spellcasts,40 / 80 / 120 / 160 / 200 and 20 / 30 / 40 / 50 / 60 (+10 / 20 / 40) on 1st AA,(+50% AP) and (+20% AP) on 1st AA,8,,,10,,,12,150 / 250 / 350,(+50% AP),140 / 120 / 100
Soraka,,,,105 / 165 / 225 / 285 / 345,(+52.5% AP),7 / 6.5 / 6 / 5.5 / 5,,,4 / 3.5 / 3 / 2.5 / 2,140 / 220 / 300 / 380 / 460,(+80% AP),24 / 22 / 20 / 18 / 16,,,160 / 145 / 130
Swain,,,,25 / 40 / 55 / 70 / 85 per second (3),(+30% AP) per second (3),8,80 / 120 / 160 / 200 / 240,(+70% AP),18 / 16 / 14 / 12 / 10,81 / 127.65 / 176.7 / 228.15 / 282,(+86.4 / 88.8 / 91.2 / 93.6 / 96% AP) and (+8 / 11 / 14 / 17 / 20% damage) for 4 seconds,10,50 / 70 / 90 per second,(+20% AP) per second,8
Syndra,,,,50 / 95 / 140 / 185 / 264.5,(+60% AP) or (+69% AP) at 5,4,80 / 120 / 160 / 200 / 240,(+70% AP),12 / 11 / 10 / 9 / 8,70 / 115 / 160 / 205 / 250,(+40% AP),18 / 16.5 / 15 / 13.5 / 12,270 / 405 / 540 and 90 / 135 / 180 per sphere (4),(+60% AP) and (+20% AP) per sphere (4),100 / 90 / 80
Tahm Kench,,,,,,,,,,,,,,,
Talon,,(+10% dmg),On AA on CC'd target,40 / 80 / 120 / 160 / 200,(+130% bonus AD),8 / 7 / 6 / 5 / 4,60 / 110 / 160 / 210 / 260,(+120% bonus AD),10,,(+3 / 6 / 9 / 12 / 15% dmg),18 / 16 / 14 / 12 / 10,240 / 340 / 440,(+150% bonus AD),75 / 65 / 55
Taric,,(+20% AR),On 1st AA per spellcast,,,18 / 17 / 16 / 15 / 14,40 / 80 / 120 / 160 / 200 and 5 / 10 / 15 / 20 / 25 AR shred,(+20% AR) and (+5% AR) AR shred,10,40 / 70 / 100 / 130 / 160 and up to (+100%) when closer,(+20% AP) and up to (+100%) when closer,18 / 17 / 16 / 15 / 14,150 / 250 / 350 and 30 / 50 / 70 more AP & AD,(+50% AP),75
Teemo,,,,80 / 125 / 170 / 215 / 260,(+80% AP),8,,,17,10 / 20 / 30 / 40 / 50 and 6 / 12 / 18 / 24 / 30 per second,(+30% AP) and (+10% AP) per second,On AA and 4 second DoT,200 / 325 / 450,(+50% AP),35 / 31 / 27
Thresh,,(+0.75 per soul) more AR & AP,,80 / 120 / 160 / 200 / 240,(+50% AP),20 / 18 / 16 / 14 / 12,,,22 / 20.5 / 19 / 17.5 / 16,65 / 95 / 125 / 155 / 185,(+40% AP) and (+P stacks) (+80 / 110 / 140 / 170 / 200% AD) on AA,9,250 / 400 / 550,(+100% AP),150 / 140 / 130
Tristana,,,,,,20,80 / 105 / 130 / 155 / 180,(+50% AP),22 / 20 / 18 / 16 / 14,50 / 75 / 100 / 125 / 150 on minion kill and 60 / 70 / 80 / 90 / 100 (+30% per auto (4)),(+25% AP) on minion kill and (+50 / 65 / 80 / 95 / 110% bonus AD) (+50% AP) (+30% per auto (4)),16 / 15.5 / 15 / 14.5 / 14,300 / 400 / 500,(+100% AP),100 / 85 / 70
Trundle,,,,20 / 40 / 60 / 80 / 100 on 1st AA and 20 / 25 / 30 / 35 / 40 more AD,(+80 / 90 / 100 / 110 / 120% AD) on 1st AA,4,,,15,,,23 / 20 / 17 / 14 / 11,,(+10 / 13.75 / 17.5 (+ 1% per 100 AP) of target's maximum health) and (+10 / 13.75 / 17.5 (+ 1% per 100 AP) of target's maximum health) over 4 seconds,80 / 70 / 60
Tryndamere,35% critical chance at 100 FURY,,,5 / 10 / 15 / 20 / 25 more AD,(+0.15 / 0.2 / 0.25 / 0.3 / 0.35 per 1% of missing HP),12,,,14,70 / 100 / 130 / 160 / 190,(+100% AP) (+120% bonus AD),13 / 12 / 11 / 10 / 9,,,110 / 100 / 90
Twisted Fate,,,,60 / 110 / 160 / 210 / 260,(+65% AP),6,40 / 60 / 80 / 100 / 120 (Blue) 30 / 45 / 60 / 75 / 90 (Red) 15 / 22.5 / 30 / 37.5 / 45 (Gold),(+100% AD) (+50% AP),6,55 / 80 / 105 / 130 / 155,(+50% AP),On 4th AA,,,180 / 150 / 120
Twitch,12 / 18 / 24 / 30 / 36 per stack,,On AA or W,,,16,,,13 / 12 / 11 / 10 / 9,20 / 35 / 50 / 65 / 80 and 15 / 20 / 25 / 30 / 35 per stack,(+20% AP) (+25% bonus AD) per stack,12 / 11 / 10 / 9 / 8,20 / 28 / 36 more AD,,120 / 110 / 100
Udyr,,,,30 / 80 / 130 / 180 / 230,(+120 / 130 / 140 / 150 / 160% AD) and (+15% AD) on AA,6,,,6,,,6,15 / 25 / 35 / 45 / 55 per second (5) and 40 / 80 / 120 / 160 / 200 per 1st & 3rd AA,(+25% AP) per second (5) and (+45% AP) per 1st & 3rd AA,6
Urgot,,,,10 / 40 / 70 / 100 / 130,(+85% AD),2,,,16 / 15 / 14 / 13 / 12,75 / 130 / 185 / 240 / 295,(+60% Bonus AD),15 / 14 / 13 / 12 / 11,,,120 / 100 / 80
Varus,,,,15 / 70 / 125 / 180 / 235,(+160% AD),16 / 14 / 12 / 10 / 8,10 / 14 / 18 / 22 / 26,(+25% AP) on AA and (+2 / 2.75 / 3.5 / 4.25 / 5% (+2% per 100 AP) of target's max HP) per stack (3),On AA and proc from spell hit,65 / 100 / 135 / 170 / 205,(+60% bonus AD),18 / 16 / 14 / 12 / 10,150 / 250 / 350,(+100% AP),110 / 90 / 70
Vayne,,,,,(+30 / 35 / 40 / 45 / 50% AD) on 1st AA,6 / 5 / 4 / 3 / 2,20 / 30 / 40 / 50 / 60,(+4 / 5 / 6 / 7 / 8% target's max HP),On 3rd consecutive AA,45 / 80 / 115 / 150 / 185 (+100% if against wall),(+50% bonus AD) (+100% if against wall),20 / 18 / 16 / 14 / 12,30 / 50 / 70 more AD,,100 / 85 / 70
Veigar,(+1) more AP per minion killed and (+2) more AP per large minion or monster killed and (+1 / 2 / 3 / 4 / 5) more AP per champion kill,,,80 / 125 / 170 / 215 / 260,(+60% AP),7 / 6.5 / 6 / 5.5 / 5,120 / 170 / 220 / 270 / 320,(+100% AP),10 / 9.5 / 9 / 8.5 / 8,,,18 / 17 / 16 / 15 / 14,250 / 375 / 500,(+100% AP) (+80% of the target's AP),120 / 100 / 80
Vel'Koz,35 / 45 / 55 / 65 / 75 / 85 /95 / 105 / 115 / 125 / 135 / 145 / 155 / 165 / 175 / 185 / 195 / 205,,On 3rd spell hit,80 / 120 / 160 / 200 / 240,(+60% AP),7,75 / 125 / 175 / 225 / 275,(+62.5% AP),19 / 18 / 17 / 16 / 15,70 / 100 / 130 / 160 / 190,(+50% AP),16 / 15 / 14 / 13 / 12,200 / 280 / 360 per second (2.5),(+24% AP) per second (2.5),130 / 110 / 90
Vi,,,,100 / 150 / 200 / 250 / 300,(+160% bonus AD),18 / 15.5 / 13 / 10.5 / 8,,(+4 / 5.5 / 7 / 8.5 / 10% (+1% per 35 bonus AD) of target's max HP) and (20%) AR shred,On 3rd AA,5 / 20 / 35 / 50 / 65 on 1st AA,(+15% AD) (+70% AP) on 1st AA,14 / 12.5 / 11 / 9.5 / 8,150 / 300 / 450,(+140% bonus AD),150 / 115 / 80
Viktor,,,,40 / 60 / 80 / 100 / 120 and 20 / 25 / 30 / 35 / 40 / 45 / 50 / 55 / 60 / 70 / 80 / 90 / 110 / 130 / 150 / 170 / 190 / 210 on 1st AA,(+20% AP) and (100% AD) (+50% AP) on 1st AA,10 / 8.5 / 7 / 5.5 / 4,,,17 / 16 / 15 / 14 / 13,70 / 115 / 160 / 205 / 250 and 28 / 46 / 64 / 82 / 100 per additional hit (1),(+70% AP) and (+28% AP) per additional hit (1),13 / 12 / 11 / 10 / 9,150 / 250 / 350 and 30 / 60 / 90 per second (7),(+55% AP) and (+20% AP) per second (7),120 / 110 / 100
Vladimir,,(+2.5% of his bonus HP) more AP and (+140% AP) more HP,,90 / 125 / 160 / 195 / 230,(+60% AP),10 / 8.5 / 7 / 5.5 / 4,80 / 135 / 190 / 245 / 300,(+15% bonus HP),26 / 23 / 20 / 17 / 14,60 / 85 / 110 / 135 / 160 (+25% per stack (4)),(+45% AP),4.5,168 / 280 / 392,(+78.4% AP) and (+12% damage) for 5 seconds,150 / 135 / 120
Volibear,,,,30 / 60 / 90 / 120 / 150 on 1st AA,,12 / 11 / 10 / 9 / 8,80 / 125 / 170 / 215 / 260 (+1% per 1% of target's missing HP),(+15% of bonus HP) (+1% per 1% of target's missing HP),18,60 / 105 / 150 / 195 / 240,(+60% AP),11,75 / 115 / 155 on AA for 12 seconds,(+30% AP) on AA for 12 seconds,100 / 90 / 80
Warwick,3 / 3.5 / 4 / 4.5 / 5 / 5.5 / 6 / 6.5 / 7 / 8 / 9 / 10 / 11 / 12 / 13 / 14 / 15 / 16 per stack (3),,On consecutive AA,,(+8 / 10 / 12 / 14 / 16% of target's max HP) (+100% AP),10 / 9 / 8 / 7 / 6,,,24 / 22 / 20 / 18 / 16,,,4,150 / 250 / 350,(+200% bonus AD),110 / 90 / 70
Wukong,,,,30 / 60 / 90 / 120 / 150 on 1st AA,(+10% AD) on 1st AA and (10 / 15 / 20 / 25 / 30%) AR shred on 1st AA,9 / 8 / 7 / 6 / 5,70 / 115 / 160 / 205 / 250,(+60% AP),18 / 16 / 14 / 12 / 10,60 / 105 / 150 / 195 / 240,(+80% Bonus AD),8,20 / 110 / 200 per second (4),(+110% AD) per second (4),120 / 105 / 90
Xerath,,,,80 / 120 / 160 / 200 / 240,(+75% AP),9 / 8 / 7 / 6 / 5,90 / 135 / 180 / 225 / 270,(+90% AP),14 / 13 / 12 / 11 / 10,80 / 110 / 140 / 170 / 200,(+45% AP),13 / 12.5 / 12 / 11.5 / 11,190 / 245 / 300 per bolt (3),(+43% AP) per bolt (3),130 / 115 / 100
Xin Zhao,(15%) AR shred for 3 seconds,,On AA or E,15 / 30 / 45 / 60 / 75 on 1st 3 AA,(+20% AD) on 1st 3 AA,9 / 8 / 7 / 6 / 5,,,16 / 15 / 14 / 13 / 12,70 / 110 / 150 / 190 / 230,(+60% AP),14 / 13 / 12 / 11 / 10,75 / 175 / 275,(+100% bonus AD) (+15% of enemies' current HP),120 / 110 / 100
Yasuo,,,,20 / 40 / 60 / 80 / 100,(+100% AD),4,,,26 / 24 / 22 / 20 / 18,70 / 90 / 110 / 130 / 150 (+25% per stack (2)),(+60% AP),0.5 / 0.4 / 0.3 / 0.2 / 0.1,200 / 300 / 400,(+150% bonus AD) and (+50%) more AR pen for 15 seconds,80 / 55 / 30
Yorick,,(35% of Yorick's AD) more AD for goul,,30 / 60 / 90 / 120 / 150 on 1st AA and (+8 / 16 / 24 / 32 / 40) more AD for goul,(+20% AD) on 1st AA,9 / 8 / 7 / 6 / 5,60 / 95 / 130 / 165 / 200,(+100% AP),12,55 / 85 / 115 / 145 / 175,(+100% Bonus AD),10 / 9 / 8 / 7 / 6,,(+45 / 60 / 75% of the ally's AD) more AD for revenant,120 / 105 / 90
Zac,,,,70 / 110 / 150 / 190 / 230,(+50% AP),9 / 8.5 / 8 / 7.5 / 7,40 / 55 / 70 / 85 / 100,(+4 / 5 / 6 / 7 / 8% (+2% per 100 AP) of enemies' max HP),5,80 / 130 / 180 / 230 / 280,(+70% AP),24 / 21 / 18 / 15 / 12,140 / 210 / 280 and 70 / 105 / 140 per additional bounce (3),(+40% AP) and (+20% AP) per additional bounce (3),130 / 115 / 100
Zed,,(+6 / 8 / 10% of the target's max HP) on 1st AA when target is below 50% HP,10,75 / 115 / 155 / 195 / 235 and 37.5 / 57.5 / 77.5 / 97.5 / 117.5 per mimicked Q,(+100% bonus AD) and (+50% bonus AD) per mimicked Q,6,,(+5 / 10 / 15 / 20 / 25% Bonus AD) more AD,18 / 17 / 16 / 15 / 14,60 / 90 / 120 / 150 / 180,(+80% bonus AD),4,,(+100% AD) and (+20 / 35 / 50% of damage dealt within past 3 seconds),120 / 100 / 80
Ziggs,20 / 24 / 28 / 32 / 36 / 40 / 48 / 56 / 64 / 72 / 80 / 88 / 100 / 112 / 124 / 136 /148 / 160 on 1st AA,(+25 / 30 / 35% AP) on 1st AA,12,75 / 120 / 165 / 210 / 255,(+65% AP),6 / 5.5 / 5 / 4.5 / 4,70 / 105 / 140 / 175 / 210,(+35% AP),26 / 24 / 22 / 20 / 18,40 / 65 / 90 / 115 / 140 and 16 / 26 / 36 / 46 / 56 per additional mine,(+30% AP) and (+12% AP) per additional mine,16,250 / 375 / 500,(+90% AP),120
Zilean,,,,75 / 115 / 165 / 230 / 300,(+90% AP),10 / 9.5 / 9 / 8.5 / 8,,,14 / 12 / 10 / 8 / 6,,,15,,,120 / 90 / 60
Zyra,100 / 120 / 140 / 160 / 180 / 200 / 220 /240 / 260 / 280 / 300 / 320 / 340 / 360 / 380 / 400 / 420 / 440,,On death,70 / 105 / 140 / 175 / 210,(+65% AP),7 / 6.5 / 6 / 5.5 / 5,23 (+6.5/Zyra's level) per plant AA,(+20% AP) per plant AA,16.7 / 15.4 / 14.1 / 12.9 / 11.7,60 / 95 / 130 / 165 / 200,(+50% AP),12,180 / 265 / 350,(+70% AP),130 / 120 / 110